{
    "loss": 0.9929140210151672,
    "accuracy": 0.8985062837600708
}